genre_mode,genre,story_zone,method,mean_sentiment,ci_low,ci_high,n_films
multi_label,Action,Opening,Frequency baseline,0.12287041824086178,0.07138226356352183,0.17347575549552355,121
multi_label,Action,Inciting conflict,Frequency baseline,0.12514891320257276,0.0731050997238096,0.17852041684723044,121
multi_label,Action,Escalation,Frequency baseline,0.06032473780532915,0.00983172559114998,0.11027833906488214,126
multi_label,Action,Climax zone,Frequency baseline,0.006181555927468535,-0.04180818096391098,0.05385276481437706,124
multi_label,Action,Resolution,Frequency baseline,0.0647993927018825,-0.010804967872993846,0.13829083483316362,133
multi_label,Action,Opening,Full dialogue,0.023311244746650243,-0.03510165791628085,0.08217368210447168,121
multi_label,Action,Inciting conflict,Full dialogue,0.004527099662083778,-0.05676583030539979,0.0660464736698807,121
multi_label,Action,Escalation,Full dialogue,-0.06726107928956952,-0.11718443408519527,-0.02001543232049205,126
multi_label,Action,Climax zone,Full dialogue,-0.11805024392921137,-0.1693696924065781,-0.06517046686872106,124
multi_label,Action,Resolution,Full dialogue,-0.07077957171420182,-0.14464152533599625,0.004187738365368207,133
multi_label,Action,Opening,TF-IDF filtered,0.08117097514586116,0.02990656824325094,0.1364573513523114,121
multi_label,Action,Inciting conflict,TF-IDF filtered,0.06498858999174016,0.008835611918833312,0.12368623028718821,121
multi_label,Action,Escalation,TF-IDF filtered,0.03185753670063794,-0.015698656272317084,0.08190968512957157,126
multi_label,Action,Climax zone,TF-IDF filtered,-0.032377742082059624,-0.08183224062728303,0.01839075510311701,124
multi_label,Action,Resolution,TF-IDF filtered,-0.0011828068001248234,-0.07473427643927463,0.07315425426466385,133
multi_label,Adventure,Opening,Frequency baseline,0.2328304417995573,0.15737073935167423,0.31093632598015364,71
multi_label,Adventure,Inciting conflict,Frequency baseline,0.1939243608886231,0.12691921809714693,0.2597854057928103,71
multi_label,Adventure,Escalation,Frequency baseline,0.1393706675264482,0.08703228786548882,0.19102611450207288,71
multi_label,Adventure,Climax zone,Frequency baseline,0.05389827965782793,0.0005950727277557119,0.10784498843629818,71
multi_label,Adventure,Resolution,Frequency baseline,0.20267968108463175,0.11346591226477287,0.29499969754436894,76
multi_label,Adventure,Opening,Full dialogue,0.15117726480849236,0.06550600598491871,0.2344919243172333,71
multi_label,Adventure,Inciting conflict,Full dialogue,0.06655874488882359,-0.016767032345590658,0.14808867711058157,71
multi_label,Adventure,Escalation,Full dialogue,0.0648249104858209,0.011308328691735254,0.11834940310650517,71
multi_label,Adventure,Climax zone,Full dialogue,-0.02754036527746487,-0.08956848736835336,0.03259304344100138,71
multi_label,Adventure,Resolution,Full dialogue,0.0889642866398952,-0.004762181809646849,0.1797757449815809,76
multi_label,Adventure,Opening,TF-IDF filtered,0.21341122360335185,0.13434924827939504,0.2889459404108409,71
multi_label,Adventure,Inciting conflict,TF-IDF filtered,0.1741202540016882,0.09613017580011236,0.24767735554502746,71
multi_label,Adventure,Escalation,TF-IDF filtered,0.12543881621375727,0.06978380470077163,0.17945896297736363,71
multi_label,Adventure,Climax zone,TF-IDF filtered,0.038833092167447895,-0.01717345488461122,0.09450508769703896,71
multi_label,Adventure,Resolution,TF-IDF filtered,0.1928666826192813,0.10252961316579985,0.2815018928599725,76
multi_label,Animation,Opening,Frequency baseline,0.21661222988397907,0.01453079649770594,0.39130909877132664,19
multi_label,Animation,Inciting conflict,Frequency baseline,0.13615985406277586,-0.049718636129200175,0.30108202170894105,19
multi_label,Animation,Escalation,Frequency baseline,0.2077361029527182,0.07628298381355997,0.33097698659832075,19
multi_label,Animation,Climax zone,Frequency baseline,0.05337190844317672,-0.07970475539649388,0.1758035560562716,19
multi_label,Animation,Resolution,Frequency baseline,0.12683651211361738,-0.04167499665831245,0.2814862241019214,19
multi_label,Animation,Opening,Full dialogue,0.09217427611088602,-0.11562129828917213,0.29629662916849653,19
multi_label,Animation,Inciting conflict,Full dialogue,0.012695314555155872,-0.1645661439388355,0.1768367638293507,19
multi_label,Animation,Escalation,Full dialogue,0.14868082643179936,0.022158443440195474,0.27294927465475904,19
multi_label,Animation,Climax zone,Full dialogue,0.02097721980405527,-0.144621639142926,0.17141342441145424,19
multi_label,Animation,Resolution,Full dialogue,0.09945485826308195,-0.0570447540940419,0.22656546659736454,19
multi_label,Animation,Opening,TF-IDF filtered,0.20132653378097648,0.0005443411185048139,0.3764394072430407,19
multi_label,Animation,Inciting conflict,TF-IDF filtered,0.15501815011484904,-0.06452758949963862,0.3405818463523701,19
multi_label,Animation,Escalation,TF-IDF filtered,0.21600461644560615,0.07401705046430235,0.3450058202957785,19
multi_label,Animation,Climax zone,TF-IDF filtered,0.07077350875564009,-0.06652461177653643,0.1943974440394813,19
multi_label,Animation,Resolution,TF-IDF filtered,0.10840950937950938,-0.06468353656869448,0.26302592232475125,19
multi_label,Comedy,Opening,Frequency baseline,0.33862855116691576,0.29642848584690684,0.37824626706526854,164
multi_label,Comedy,Inciting conflict,Frequency baseline,0.3479782568346356,0.30295333421162507,0.3931533367018641,166
multi_label,Comedy,Escalation,Frequency baseline,0.3202585640866646,0.2796873609827038,0.36191371341770734,168
multi_label,Comedy,Climax zone,Frequency baseline,0.22841219785689376,0.18332085345354418,0.27065791570361286,167
multi_label,Comedy,Resolution,Frequency baseline,0.26235327023529664,0.2050971739944248,0.3170003554077127,172
multi_label,Comedy,Opening,Full dialogue,0.2599999371030867,0.21211594221343955,0.3082814748440078,164
multi_label,Comedy,Inciting conflict,Full dialogue,0.2644972602779938,0.21499101422362224,0.316019326039559,166
multi_label,Comedy,Escalation,Full dialogue,0.2509598421012014,0.205341712769866,0.29683554240769494,168
multi_label,Comedy,Climax zone,Full dialogue,0.1601944738325973,0.11029112656608665,0.20776501807945685,167
multi_label,Comedy,Resolution,Full dialogue,0.2042844906272443,0.1408116166711801,0.2666455340197466,172
multi_label,Comedy,Opening,TF-IDF filtered,0.32465052529517896,0.277886026120842,0.3697214230195363,164
multi_label,Comedy,Inciting conflict,TF-IDF filtered,0.3426804586492989,0.2945556624262794,0.3924378414616435,166
multi_label,Comedy,Escalation,TF-IDF filtered,0.2987182953943838,0.25079100738654253,0.34583285038628714,168
multi_label,Comedy,Climax zone,TF-IDF filtered,0.21363989163071606,0.16702732912851312,0.25834933150974604,167
multi_label,Comedy,Resolution,TF-IDF filtered,0.24083597674525295,0.17927158231355034,0.3032064714886903,172
multi_label,Crime,Opening,Frequency baseline,0.23284510762218982,0.17469809584979923,0.2923463262621713,112
multi_label,Crime,Inciting conflict,Frequency baseline,0.19793164601334662,0.15051775720187588,0.24897518558841816,112
multi_label,Crime,Escalation,Frequency baseline,0.14704301821566318,0.09501718622376089,0.20130285817219337,116
multi_label,Crime,Climax zone,Frequency baseline,0.08527459433397204,0.028572498191221096,0.14332673982059324,116
multi_label,Crime,Resolution,Frequency baseline,0.12061581344765746,0.042696232169557966,0.19174190365189675,123
multi_label,Crime,Opening,Full dialogue,0.13225812257409694,0.06923557820249543,0.1935679766948415,112
multi_label,Crime,Inciting conflict,Full dialogue,0.06287407521866561,0.003993805153053126,0.11905284071722952,112
multi_label,Crime,Escalation,Full dialogue,0.07558652316021951,0.021072223250720862,0.13351050099392361,116
multi_label,Crime,Climax zone,Full dialogue,-0.022272220772198082,-0.0832900066804857,0.039168535609877764,116
multi_label,Crime,Resolution,Full dialogue,-0.013901191233370403,-0.09914766250992481,0.0663240999195349,123
multi_label,Crime,Opening,TF-IDF filtered,0.197506333431747,0.13452052611778592,0.25679554586451453,112
multi_label,Crime,Inciting conflict,TF-IDF filtered,0.14713726768016855,0.0871614704701365,0.2029325988339907,112
multi_label,Crime,Escalation,TF-IDF filtered,0.1087410858148214,0.05522542994179628,0.16236403116467338,116
multi_label,Crime,Climax zone,TF-IDF filtered,0.02929722279056819,-0.028828353926401793,0.08945245704872715,116
multi_label,Crime,Resolution,TF-IDF filtered,0.03374421240507068,-0.04572722091662991,0.11440075556771057,123
multi_label,Drama,Opening,Frequency baseline,0.3037039277900908,0.2683832733645436,0.3399540083825816,233
multi_label,Drama,Inciting conflict,Frequency baseline,0.27902634726294795,0.24295027241268974,0.31618553471780575,237
multi_label,Drama,Escalation,Frequency baseline,0.27141165372666803,0.23536483116722523,0.30772077682083077,242
multi_label,Drama,Climax zone,Frequency baseline,0.22485659063722183,0.1907520418168734,0.25948371969978395,241
multi_label,Drama,Resolution,Frequency baseline,0.2773180796487164,0.22745298021074495,0.32557705408954934,256
multi_label,Drama,Opening,Full dialogue,0.22387183838120467,0.18209149063132307,0.2640047690290503,233
multi_label,Drama,Inciting conflict,Full dialogue,0.19138683132274062,0.1513708244809267,0.23235730379250003,237
multi_label,Drama,Escalation,Full dialogue,0.1595705774691251,0.11730528015419132,0.1971134461935387,242
multi_label,Drama,Climax zone,Full dialogue,0.1365387815407076,0.09316449002645637,0.17807765071120105,241
multi_label,Drama,Resolution,Full dialogue,0.20905082821305251,0.15518231941227012,0.26616113343865644,256
multi_label,Drama,Opening,TF-IDF filtered,0.2889308467258231,0.25028915782904887,0.32619991208486626,233
multi_label,Drama,Inciting conflict,TF-IDF filtered,0.26898817109039663,0.23094243023538508,0.3073211881948521,237
multi_label,Drama,Escalation,TF-IDF filtered,0.2600155549812013,0.2193651579668052,0.29845024519521096,242
multi_label,Drama,Climax zone,TF-IDF filtered,0.19356049080786636,0.15276978327289292,0.233246846995472,241
multi_label,Drama,Resolution,TF-IDF filtered,0.2570395438770966,0.20568428794744598,0.30760539899274536,256
multi_label,Family,Opening,Frequency baseline,0.2624572811447811,0.0990296707651916,0.41343712317620646,18
multi_label,Family,Inciting conflict,Frequency baseline,0.17409612266455404,0.023070916720965118,0.32125029578081227,18
multi_label,Family,Escalation,Frequency baseline,0.1937564008216792,0.06860500868932058,0.30071662537254573,18
multi_label,Family,Climax zone,Frequency baseline,0.07963287161065478,-0.01543868439588898,0.18000073690982926,18
multi_label,Family,Resolution,Frequency baseline,0.2478183604845447,0.0865566013471178,0.4083780741959064,19
multi_label,Family,Opening,Full dialogue,0.1468066160691161,-0.04073496882515632,0.32099615392593517,18
multi_label,Family,Inciting conflict,Full dialogue,0.05273029463727992,-0.11698621762322194,0.2137687268462745,18
multi_label,Family,Escalation,Full dialogue,0.12720584452024253,0.008399814524266542,0.24524810251214002,18
multi_label,Family,Climax zone,Full dialogue,0.07584428757094722,-0.0461601393264967,0.20461017214913718,18
multi_label,Family,Resolution,Full dialogue,0.22462014961646543,0.0820624071352624,0.3662694382547276,19
multi_label,Family,Opening,TF-IDF filtered,0.24929655363155367,0.0915487177579365,0.4122896935275372,18
multi_label,Family,Inciting conflict,TF-IDF filtered,0.1919136616596911,0.009272124223679375,0.36660276999920005,18
multi_label,Family,Escalation,TF-IDF filtered,0.2061910434715985,0.0786943239562154,0.31607270703050133,18
multi_label,Family,Climax zone,TF-IDF filtered,0.10389198940079471,-0.0011795487184475617,0.2071808582054519,18
multi_label,Family,Resolution,TF-IDF filtered,0.22337127316397054,0.04662447350858205,0.3840578515393597,19
multi_label,Fantasy,Opening,Frequency baseline,0.15664137062189218,0.04918244725931178,0.25916458821600935,43
multi_label,Fantasy,Inciting conflict,Frequency baseline,0.11949492640712618,0.0173362861719469,0.21732261686554236,43
multi_label,Fantasy,Escalation,Frequency baseline,0.14579280434864106,0.06581601839984041,0.22959705279390755,43
multi_label,Fantasy,Climax zone,Frequency baseline,0.09392996935105041,0.009183947995163219,0.17426691100850714,43
multi_label,Fantasy,Resolution,Frequency baseline,0.17711057460401283,0.05240687688769246,0.29999191097090977,46
multi_label,Fantasy,Opening,Full dialogue,0.07673858199300242,-0.0398337326336664,0.191413457905564,43
multi_label,Fantasy,Inciting conflict,Full dialogue,0.016019604057429276,-0.10772677481328487,0.1308130460964501,43
multi_label,Fantasy,Escalation,Full dialogue,0.062064356685320496,-0.03202616465867369,0.1574020195088942,43
multi_label,Fantasy,Climax zone,Full dialogue,-0.001199004553060332,-0.10091878633018701,0.09447108195320225,43
multi_label,Fantasy,Resolution,Full dialogue,0.09432381440165477,-0.04091287208471511,0.2232580808955537,46
multi_label,Fantasy,Opening,TF-IDF filtered,0.15847772799187235,0.05143640332971841,0.27442052299027436,43
multi_label,Fantasy,Inciting conflict,TF-IDF filtered,0.07578049123841975,-0.037952817229363695,0.18989285351963867,43
multi_label,Fantasy,Escalation,TF-IDF filtered,0.14428964359071675,0.056709448646488324,0.23525460242409132,43
multi_label,Fantasy,Climax zone,TF-IDF filtered,0.0690630830710139,-0.01871962352228036,0.15513286918043845,43
multi_label,Fantasy,Resolution,TF-IDF filtered,0.1342677374822927,0.005102842713565044,0.2568553791505739,46
multi_label,History,Opening,Frequency baseline,0.22592685834285461,0.07549141969710532,0.3550283362477469,21
multi_label,History,Inciting conflict,Frequency baseline,0.26747921498351146,0.12101812343539568,0.38890965068858907,22
multi_label,History,Escalation,Frequency baseline,0.2674602059537105,0.1581056401678228,0.37760662334139905,22
multi_label,History,Climax zone,Frequency baseline,0.2194627924101195,0.13142547639584287,0.3208296266378714,22
multi_label,History,Resolution,Frequency baseline,0.29820482042617685,0.20111110610183736,0.41359577770969486,24
multi_label,History,Opening,Full dialogue,0.16593299676580156,0.011193443817939195,0.30574875422214914,21
multi_label,History,Inciting conflict,Full dialogue,0.17142036930770435,0.012169471190852958,0.30495503776992383,22
multi_label,History,Escalation,Full dialogue,0.17096155403103389,0.053858459818577724,0.2889008300517654,22
multi_label,History,Climax zone,Full dialogue,0.19212970306232766,0.09874775833035479,0.30645040232409093,22
multi_label,History,Resolution,Full dialogue,0.21901520037084377,0.08722135438902397,0.3585971998558019,24
multi_label,History,Opening,TF-IDF filtered,0.22897394320730785,0.07195940183702401,0.3591710772466881,21
multi_label,History,Inciting conflict,TF-IDF filtered,0.27095972436463656,0.11918665010717275,0.3851998469872453,22
multi_label,History,Escalation,TF-IDF filtered,0.26248647037445805,0.14855125989069146,0.3846434976055781,22
multi_label,History,Climax zone,TF-IDF filtered,0.2400646927817631,0.15394469696465202,0.34791460800560065,22
multi_label,History,Resolution,TF-IDF filtered,0.2795760520147386,0.1734196307826219,0.3964544336144179,24
multi_label,Horror,Opening,Frequency baseline,0.10847055479010208,0.013154134176664405,0.19596829923626974,56
multi_label,Horror,Inciting conflict,Frequency baseline,0.06752006984091835,-0.029407594252550243,0.16445997811804616,58
multi_label,Horror,Escalation,Frequency baseline,0.0044545352537915155,-0.06140736379686266,0.06759247264009986,59
multi_label,Horror,Climax zone,Frequency baseline,-0.05330548242977253,-0.12636468959197428,0.01495056203178151,57
multi_label,Horror,Resolution,Frequency baseline,0.01442699120807036,-0.10161149303752275,0.13143875087240028,62
multi_label,Horror,Opening,Full dialogue,0.001836987560848647,-0.09550808185065393,0.10207603567142907,56
multi_label,Horror,Inciting conflict,Full dialogue,-0.05812991568537481,-0.15912347203606264,0.04417685663900835,58
multi_label,Horror,Escalation,Full dialogue,-0.11655152707460602,-0.19101783005978612,-0.041329634167087584,59
multi_label,Horror,Climax zone,Full dialogue,-0.1713019560491932,-0.24975920866679852,-0.09479234504366288,57
multi_label,Horror,Resolution,Full dialogue,-0.21892537263999912,-0.3204829649586348,-0.10534868104741184,62
multi_label,Horror,Opening,TF-IDF filtered,0.07943465322367257,-0.01549540600640597,0.17791885474434807,56
multi_label,Horror,Inciting conflict,TF-IDF filtered,0.035924490874433924,-0.05693015944749996,0.1338324040560515,58
multi_label,Horror,Escalation,TF-IDF filtered,-0.009736218824846491,-0.08089563371151295,0.05764891805458184,59
multi_label,Horror,Climax zone,TF-IDF filtered,-0.11608450677505402,-0.19620402478933663,-0.03933893369275322,57
multi_label,Horror,Resolution,TF-IDF filtered,-0.09392784254099514,-0.20931926237830276,0.019199384286568408,62
multi_label,Music,Opening,Frequency baseline,0.12568939560439563,-0.16855954716117214,0.3263953832417582,10
multi_label,Music,Inciting conflict,Frequency baseline,0.21200255032467533,-0.09976948419913421,0.418802239948593,10
multi_label,Music,Escalation,Frequency baseline,0.4140049330737857,0.2555033433228278,0.5645785111381473,10
multi_label,Music,Climax zone,Frequency baseline,0.21876436183371228,-0.04544603264316501,0.44268593783977517,10
multi_label,Music,Resolution,Frequency baseline,0.3199555739210284,0.01652094444444446,0.592364015151515,11
multi_label,Music,Opening,Full dialogue,0.0028738827838827806,-0.24065220398351647,0.17406953273809495,10
multi_label,Music,Inciting conflict,Full dialogue,0.1648660238095238,-0.15291366071428572,0.4258298934523807,10
multi_label,Music,Escalation,Full dialogue,0.36411485925893616,0.183024606979936,0.5210172566267729,10
multi_label,Music,Climax zone,Full dialogue,0.1365815878962991,-0.16597277293513954,0.42780849311900027,10
multi_label,Music,Resolution,Full dialogue,0.34689156221303946,0.05381871926652893,0.5990736099919651,11
multi_label,Music,Opening,TF-IDF filtered,0.11267173534798533,-0.1525891572802198,0.2972413130723443,10
multi_label,Music,Inciting conflict,TF-IDF filtered,0.22196469859307358,-0.08560427608225106,0.44125449228896096,10
multi_label,Music,Escalation,TF-IDF filtered,0.43444687113835556,0.25846236669667516,0.6064015349996876,10
multi_label,Music,Climax zone,TF-IDF filtered,0.18132987445054943,-0.086645300103022,0.4247773903159339,10
multi_label,Music,Resolution,TF-IDF filtered,0.3652236317722682,0.0786472677915519,0.6294009582185491,11
multi_label,Mystery,Opening,Frequency baseline,0.20129669965888025,0.1070979086624252,0.28383261127342924,53
multi_label,Mystery,Inciting conflict,Frequency baseline,0.14902473730385313,0.06710272465836838,0.22921414099010257,54
multi_label,Mystery,Escalation,Frequency baseline,0.0803236169334293,0.014605598612690965,0.1401703556448046,55
multi_label,Mystery,Climax zone,Frequency baseline,0.00966392689070287,-0.07687453598648927,0.09006064028892913,54
multi_label,Mystery,Resolution,Frequency baseline,0.07895414811906419,-0.02502176020565375,0.18402717934387477,57
multi_label,Mystery,Opening,Full dialogue,0.10067898106308214,0.0003925115041413431,0.19888921519557137,53
multi_label,Mystery,Inciting conflict,Full dialogue,0.030866386496822613,-0.060656408444980985,0.11471470739833639,54
multi_label,Mystery,Escalation,Full dialogue,-0.062130735405902734,-0.14068711610886594,0.007645346221208439,55
multi_label,Mystery,Climax zone,Full dialogue,-0.07942358027873411,-0.16741063634555348,0.015336653200618226,54
multi_label,Mystery,Resolution,Full dialogue,-0.03442364286761223,-0.14309897373445177,0.0725620857058449,57
multi_label,Mystery,Opening,TF-IDF filtered,0.17432500366509435,0.08098039937759006,0.2629340391178444,53
multi_label,Mystery,Inciting conflict,TF-IDF filtered,0.12378496619233786,0.04171339115473258,0.20128746806560469,54
multi_label,Mystery,Escalation,TF-IDF filtered,0.04944469397568698,-0.015120805884709534,0.11003343026367983,55
multi_label,Mystery,Climax zone,TF-IDF filtered,-0.010611148916043693,-0.10140292224379258,0.0792043049103436,54
multi_label,Mystery,Resolution,TF-IDF filtered,0.03025924543442182,-0.07575715182439942,0.139160952958143,57
multi_label,Romance,Opening,Frequency baseline,0.3730084914308759,0.32823785640218744,0.4201377146100416,89
multi_label,Romance,Inciting conflict,Frequency baseline,0.4063939357606522,0.35485743966301797,0.4574592863162009,90
multi_label,Romance,Escalation,Frequency baseline,0.3836915956080652,0.33313566585285465,0.43508220160959193,91
multi_label,Romance,Climax zone,Frequency baseline,0.32549826918432784,0.27808636911589035,0.37678724926811114,90
multi_label,Romance,Resolution,Frequency baseline,0.37164153294748814,0.3036323073177255,0.43930885821346455,97
multi_label,Romance,Opening,Full dialogue,0.3084964510884463,0.2478053134883656,0.3677814950746596,89
multi_label,Romance,Inciting conflict,Full dialogue,0.32623124259037395,0.26637530882363974,0.3846934957726968,90
multi_label,Romance,Escalation,Full dialogue,0.29187767222064925,0.23352798236794187,0.3490156033011186,91
multi_label,Romance,Climax zone,Full dialogue,0.254261433785497,0.19769119836389348,0.31173954718390234,90
multi_label,Romance,Resolution,Full dialogue,0.3310306783147131,0.25751328808803287,0.40742360208105627,97
multi_label,Romance,Opening,TF-IDF filtered,0.3789410648758856,0.32756339034257514,0.4282913252076789,89
multi_label,Romance,Inciting conflict,TF-IDF filtered,0.40093392106613224,0.3469931847683825,0.4536900933536748,90
multi_label,Romance,Escalation,TF-IDF filtered,0.39113855102841427,0.33728598261692283,0.4453077996615584,91
multi_label,Romance,Climax zone,TF-IDF filtered,0.3159791957520729,0.26154921425982297,0.36744917563300494,90
multi_label,Romance,Resolution,TF-IDF filtered,0.36666252088720797,0.28812672470611067,0.440090861190013,97
multi_label,Science Fiction,Opening,Frequency baseline,0.18090742365200793,0.09855480981088639,0.26221584369062106,66
multi_label,Science Fiction,Inciting conflict,Frequency baseline,0.15051660658992014,0.07604459379185845,0.22406756838369282,66
multi_label,Science Fiction,Escalation,Frequency baseline,0.1159856955413564,0.06350623561461924,0.17257324414474418,67
multi_label,Science Fiction,Climax zone,Frequency baseline,0.01801692547070339,-0.03960932928957937,0.07248863966009679,66
multi_label,Science Fiction,Resolution,Frequency baseline,0.10689952433813835,0.0056787192195646785,0.2094441522704452,73
multi_label,Science Fiction,Opening,Full dialogue,0.1011422816304125,0.01756812612277766,0.18496445076553572,66
multi_label,Science Fiction,Inciting conflict,Full dialogue,0.005480968106319417,-0.08624683832012016,0.09378787118329357,66
multi_label,Science Fiction,Escalation,Full dialogue,0.004785800355990659,-0.05046334204594742,0.061758930167753,67
multi_label,Science Fiction,Climax zone,Full dialogue,-0.10514055811587082,-0.17133870167973617,-0.04499339085909754,66
multi_label,Science Fiction,Resolution,Full dialogue,-0.04392947057911199,-0.14906390115313217,0.059018136588526636,73
multi_label,Science Fiction,Opening,TF-IDF filtered,0.15390395760048273,0.06616232903673329,0.23850982833685208,66
multi_label,Science Fiction,Inciting conflict,TF-IDF filtered,0.10467615933911817,0.020964258536051876,0.18051408027705396,66
multi_label,Science Fiction,Escalation,TF-IDF filtered,0.09436061952897572,0.03750010462181782,0.1542591559397396,67
multi_label,Science Fiction,Climax zone,TF-IDF filtered,-0.015747838554944667,-0.07005161625885262,0.04196205479688059,66
multi_label,Science Fiction,Resolution,TF-IDF filtered,0.052106021421612685,-0.052546932782855826,0.15080687749008978,73
multi_label,TV Movie,Opening,Frequency baseline,0.42607936507936506,0.09432142857142857,0.8139666666666668,3
multi_label,TV Movie,Inciting conflict,Frequency baseline,-0.08126250000000002,-0.6797660714285715,0.22394285714285714,4
multi_label,TV Movie,Escalation,Frequency baseline,0.42045212537272036,0.21202037480063796,0.7817554347826087,4
multi_label,TV Movie,Climax zone,Frequency baseline,0.5579581730769231,0.3870245192307692,0.8485211538461539,4
multi_label,TV Movie,Resolution,Frequency baseline,0.386937797979798,0.05515757575757575,0.7560068888888888,5
multi_label,TV Movie,Opening,Full dialogue,0.38170767195767197,-0.0815,0.8581444444444445,3
multi_label,TV Movie,Inciting conflict,Full dialogue,-0.12338685064935066,-0.7091517857142857,0.2321376623376623,4
multi_label,TV Movie,Escalation,Full dialogue,0.33292503167122733,0.11558158508158509,0.6474776515151515,4
multi_label,TV Movie,Climax zone,Full dialogue,0.4923772792022792,0.2990096153846154,0.8197157407407407,4
multi_label,TV Movie,Resolution,Full dialogue,0.19436072727272727,-0.381046,0.7507207272727272,5
multi_label,TV Movie,Opening,TF-IDF filtered,0.43021825396825397,0.17109285714285713,0.7196333333333333,3
multi_label,TV Movie,Inciting conflict,TF-IDF filtered,-0.08380785714285716,-0.6896910714285713,0.24441285714285715,4
multi_label,TV Movie,Escalation,TF-IDF filtered,0.4147842564662645,0.15643807814992025,0.7997196969696969,4
multi_label,TV Movie,Climax zone,TF-IDF filtered,0.5375682692307693,0.34997884615384617,0.8434422836538444,4
multi_label,TV Movie,Resolution,TF-IDF filtered,0.47397846464646454,0.09637292929292929,0.8515839999999999,5
multi_label,Thriller,Opening,Frequency baseline,0.2168589932692866,0.17163401721292224,0.2646399685432967,149
multi_label,Thriller,Inciting conflict,Frequency baseline,0.16845686031193735,0.1225640879381399,0.21275538716642425,153
multi_label,Thriller,Escalation,Frequency baseline,0.133642776048931,0.09171390518441813,0.17711908891656883,159
multi_label,Thriller,Climax zone,Frequency baseline,0.0710791340186284,0.022339137639046654,0.1209004859586916,157
multi_label,Thriller,Resolution,Frequency baseline,0.07013651591822653,-0.0010761386323987338,0.14264598813185805,170
multi_label,Thriller,Opening,Full dialogue,0.12551520142210168,0.07606748091427662,0.1781548552692803,149
multi_label,Thriller,Inciting conflict,Full dialogue,0.053678746694445285,0.005056083461409606,0.1036274870901526,153
multi_label,Thriller,Escalation,Full dialogue,0.022110035689396155,-0.026429669847387188,0.06715210322872629,159
multi_label,Thriller,Climax zone,Full dialogue,-0.060432680584165496,-0.11153896436492841,-0.004023234000156165,157
multi_label,Thriller,Resolution,Full dialogue,-0.045972093611421065,-0.11783043557370991,0.026479160901123053,170
multi_label,Thriller,Opening,TF-IDF filtered,0.18391278916158713,0.13574958596521067,0.23249954461509617,149
multi_label,Thriller,Inciting conflict,TF-IDF filtered,0.13274932005396814,0.0847185262981603,0.18071778074346959,153
multi_label,Thriller,Escalation,TF-IDF filtered,0.1064599453149139,0.06337797742011203,0.15173821313833266,159
multi_label,Thriller,Climax zone,TF-IDF filtered,0.01951210952285342,-0.02972632087075528,0.07149003743836958,157
multi_label,Thriller,Resolution,TF-IDF filtered,0.0048531671911528,-0.06905328999501076,0.07565630548472196,170
multi_label,War,Opening,Frequency baseline,0.1610282189178343,-0.05820312482389404,0.3491159584283237,13
multi_label,War,Inciting conflict,Frequency baseline,0.204174312024541,0.08411754471600469,0.3198894708827079,14
multi_label,War,Escalation,Frequency baseline,0.1200593720831293,-0.03479009377511584,0.2869784789770447,14
multi_label,War,Climax zone,Frequency baseline,0.10989942367817082,-0.046855877240996116,0.28400289040271,14
multi_label,War,Resolution,Frequency baseline,0.008041996953167237,-0.18933966591478696,0.1890724261548478,15
multi_label,War,Opening,Full dialogue,0.05623004802889416,-0.1574442348132637,0.25179296399433887,13
multi_label,War,Inciting conflict,Full dialogue,0.1820061647166198,0.032354945058301915,0.32973891271171224,14
multi_label,War,Escalation,Full dialogue,-0.0011949212858930866,-0.17780640181897078,0.19487638553337908,14
multi_label,War,Climax zone,Full dialogue,-0.04667553061283125,-0.26652056013514236,0.1633148176192434,14
multi_label,War,Resolution,Full dialogue,-0.21614777455224513,-0.4022162959871827,-0.05741107121848742,15
multi_label,War,Opening,TF-IDF filtered,0.12277094132363363,-0.11210878833452874,0.3266819711410384,13
multi_label,War,Inciting conflict,TF-IDF filtered,0.24018203704673463,0.09217105369361822,0.37094465804782933,14
multi_label,War,Escalation,TF-IDF filtered,0.13881057321441712,-0.029606569635697577,0.30833550085069966,14
multi_label,War,Climax zone,TF-IDF filtered,-0.00420773936829179,-0.20864964774537428,0.1676862236635939,14
multi_label,War,Resolution,TF-IDF filtered,-0.01883108000393139,-0.22360626713352,0.16922236416040085,15
multi_label,Western,Opening,Frequency baseline,0.09935547368421052,-0.041018526315789464,0.23972947368421052,5
multi_label,Western,Inciting conflict,Frequency baseline,0.26403097549019605,0.11061361764705882,0.4242449166666667,5
multi_label,Western,Escalation,Frequency baseline,0.25336811039537316,0.19266801696712618,0.30705583333333336,5
multi_label,Western,Climax zone,Frequency baseline,0.1202635396825397,-0.018704238095238097,0.2446942222222222,5
multi_label,Western,Resolution,Frequency baseline,0.4324495856524428,0.15456359925788496,0.7275672108843537,7
multi_label,Western,Opening,Full dialogue,0.10111707894736843,-0.09938949999999999,0.3059405,5
multi_label,Western,Inciting conflict,Full dialogue,0.2430297009803922,0.059205735294117656,0.42983591666666665,5
multi_label,Western,Escalation,Full dialogue,0.07472157360819676,-0.06820414943442914,0.2217364204578216,5
multi_label,Western,Climax zone,Full dialogue,0.029745268949400532,-0.10509785135135134,0.18708729526519002,5
multi_label,Western,Resolution,Full dialogue,0.14217105751391468,-0.27195681354359924,0.5378441558441558,7
multi_label,Western,Opening,TF-IDF filtered,0.04199668421052631,-0.06427399999999998,0.12825368421052633,5
multi_label,Western,Inciting conflict,TF-IDF filtered,0.32085204901960784,0.11504526470588235,0.5266588333333334,5
multi_label,Western,Escalation,TF-IDF filtered,0.19103112192238944,0.106281677477945,0.27471285360087644,5
multi_label,Western,Climax zone,TF-IDF filtered,0.09182397619047619,-0.04184369047619047,0.22201199999999996,5
multi_label,Western,Resolution,TF-IDF filtered,0.39071715522572664,0.10884236982065555,0.7166315646258504,7
primary,Action,Opening,Frequency baseline,0.146459038726451,0.08281480534831523,0.21088484395913748,69
primary,Action,Inciting conflict,Frequency baseline,0.1553030019059739,0.07994178191873129,0.22908463931046164,69
primary,Action,Escalation,Frequency baseline,0.09457881769167235,0.018429175515857665,0.17458110873628932,74
primary,Action,Climax zone,Frequency baseline,0.050419214849425596,-0.019579076814752246,0.12460884034438106,72
primary,Action,Resolution,Frequency baseline,0.08272062592336513,-0.022153479498662264,0.19064990120084827,79
primary,Action,Opening,Full dialogue,0.036116139551344066,-0.03926037089993476,0.11358040464005455,69
primary,Action,Inciting conflict,Full dialogue,0.03590169513845881,-0.0454248329378688,0.11196691345559205,69
primary,Action,Escalation,Full dialogue,-0.06127078917108167,-0.1393518111802968,0.010610656904822345,74
primary,Action,Climax zone,Full dialogue,-0.0679633398690618,-0.1525253696694505,0.011120010304673729,72
primary,Action,Resolution,Full dialogue,-0.06622408808511748,-0.17298733253702325,0.04338281704485735,79
primary,Action,Opening,TF-IDF filtered,0.10119173780276403,0.03459560475142377,0.17212555339903127,69
primary,Action,Inciting conflict,TF-IDF filtered,0.0871021328658299,0.009419729076957255,0.16515171083394795,69
primary,Action,Escalation,TF-IDF filtered,0.05934538528607894,-0.01833638659869276,0.13742991485238065,74
primary,Action,Climax zone,TF-IDF filtered,0.025865732087204767,-0.04220207504504864,0.09811085319580642,72
primary,Action,Resolution,TF-IDF filtered,0.012548874737821122,-0.08863160448509462,0.11536307416981129,79
primary,Adventure,Opening,Frequency baseline,0.27292013886668287,0.16529917849596626,0.3841663109864289,26
primary,Adventure,Inciting conflict,Frequency baseline,0.19620778728914745,0.1003618348916084,0.2927090850440159,26
primary,Adventure,Escalation,Frequency baseline,0.08795189736743501,-0.010309424718127918,0.18636131328561273,26
primary,Adventure,Climax zone,Frequency baseline,0.09801811739648239,0.01655996203272316,0.18761195447071005,26
primary,Adventure,Resolution,Frequency baseline,0.22925035076035075,0.10629608937590188,0.3496699167984792,26
primary,Adventure,Opening,Full dialogue,0.18604065679929074,0.06159948402092204,0.30973302113400597,26
primary,Adventure,Inciting conflict,Full dialogue,0.10567991619747491,-0.026854879252783962,0.24690751868903754,26
primary,Adventure,Escalation,Full dialogue,0.04470171566788039,-0.05661143304657214,0.1518445742844051,26
primary,Adventure,Climax zone,Full dialogue,-0.011553895852115735,-0.10417969999607261,0.08836840873946787,26
primary,Adventure,Resolution,Full dialogue,0.09019768422816501,-0.05767769436813188,0.22637663127844374,26
primary,Adventure,Opening,TF-IDF filtered,0.25841015473322393,0.15023004744152085,0.377194919008036,26
primary,Adventure,Inciting conflict,TF-IDF filtered,0.17727675826449735,0.061838048720515744,0.29498439712977653,26
primary,Adventure,Escalation,TF-IDF filtered,0.08834133203406304,-0.020611244078846964,0.1956404781647526,26
primary,Adventure,Climax zone,TF-IDF filtered,0.08432060093225943,0.004361214541491279,0.16844416625348926,26
primary,Adventure,Resolution,TF-IDF filtered,0.22107865531903992,0.09163749839263301,0.34498365710891676,26
primary,Animation,Opening,Frequency baseline,0.1590774696969697,-0.12479773728354973,0.3845777404761904,10
primary,Animation,Inciting conflict,Frequency baseline,0.1722313854895105,-0.12349513459977521,0.4128617822802197,10
primary,Animation,Escalation,Frequency baseline,0.332774834839804,0.22641327769694689,0.44886363806244817,10
primary,Animation,Climax zone,Frequency baseline,0.005829148174289471,-0.19059043393092417,0.15769883556371148,10
primary,Animation,Resolution,Frequency baseline,0.16192199999999998,-0.07311477777777776,0.3783115416666666,10
primary,Animation,Opening,Full dialogue,0.023683017316017324,-0.2624165455357143,0.25130015665584415,10
primary,Animation,Inciting conflict,Full dialogue,0.023244284243534228,-0.2586342930555556,0.2413090764423075,10
primary,Animation,Escalation,Full dialogue,0.2728606178883973,0.11780157050192054,0.42642612687367937,10
primary,Animation,Climax zone,Full dialogue,-0.06096414470440733,-0.2962352886438012,0.11417565323643161,10
primary,Animation,Resolution,Full dialogue,0.10416768308080808,-0.09564807146464646,0.2636916291982322,10
primary,Animation,Opening,TF-IDF filtered,0.1346721904761905,-0.16951333333333332,0.3878418255952377,10
primary,Animation,Inciting conflict,TF-IDF filtered,0.18887685135697635,-0.12715102799908423,0.4549137166437727,10
primary,Animation,Escalation,TF-IDF filtered,0.3591842842815287,0.24173790870514267,0.46990791566759194,10
primary,Animation,Climax zone,TF-IDF filtered,0.028411038443440617,-0.16536480845920384,0.1680050261281291,10
primary,Animation,Resolution,TF-IDF filtered,0.16101768686868687,-0.050903216666666674,0.3553661867424242,10
primary,Comedy,Opening,Frequency baseline,0.3668260558330024,0.30828947088532344,0.41961310362700854,99
primary,Comedy,Inciting conflict,Frequency baseline,0.4077986493722955,0.3539837277057301,0.4566141523746649,100
primary,Comedy,Escalation,Frequency baseline,0.38228139630419095,0.33436657874112036,0.433030477102239,102
primary,Comedy,Climax zone,Frequency baseline,0.2812933527885341,0.23054891706409375,0.3334201725505106,101
primary,Comedy,Resolution,Frequency baseline,0.3292997462501826,0.2651371918909272,0.3885383126899187,102
primary,Comedy,Opening,Full dialogue,0.2795165809874159,0.21823248897227382,0.33997222792752685,99
primary,Comedy,Inciting conflict,Full dialogue,0.31915033880111127,0.256014718605487,0.38275323818984003,100
primary,Comedy,Escalation,Full dialogue,0.31375977964558743,0.25979409286699706,0.36772682218789143,102
primary,Comedy,Climax zone,Full dialogue,0.22454034320159516,0.16191601397208166,0.2844974840903844,101
primary,Comedy,Resolution,Full dialogue,0.28397805657245856,0.20959713140392766,0.35429504112814025,102
primary,Comedy,Opening,TF-IDF filtered,0.35464121845347274,0.29662721461510777,0.41109745406921366,99
primary,Comedy,Inciting conflict,TF-IDF filtered,0.4028134635609607,0.3445353886497957,0.4567743907716523,100
primary,Comedy,Escalation,TF-IDF filtered,0.3586229869873169,0.2961737547781956,0.41576245840706894,102
primary,Comedy,Climax zone,TF-IDF filtered,0.28232290776676416,0.22990740615035674,0.3366684931233783,101
primary,Comedy,Resolution,TF-IDF filtered,0.31462441576634986,0.24116446113854004,0.3820274346685881,102
primary,Crime,Opening,Frequency baseline,0.27478824212664604,0.16399412910649755,0.38296102143938615,32
primary,Crime,Inciting conflict,Frequency baseline,0.19749218183085368,0.11826076504952854,0.269073367561659,31
primary,Crime,Escalation,Frequency baseline,0.17801118116056425,0.09219070148135665,0.27619842764559166,32
primary,Crime,Climax zone,Frequency baseline,0.07968792465922278,0.009138498811582444,0.15246731838557473,32
primary,Crime,Resolution,Frequency baseline,0.1506233803423648,0.029985918833227473,0.2710531078042891,36
primary,Crime,Opening,Full dialogue,0.17701821547365146,0.06582496755031346,0.2877564475963082,32
primary,Crime,Inciting conflict,Full dialogue,0.08148899596394168,-0.013784970151473862,0.17770492510514094,31
primary,Crime,Escalation,Full dialogue,0.08495642572740716,-0.01297236860365393,0.18501824143846143,32
primary,Crime,Climax zone,Full dialogue,-0.031225216895230407,-0.10417443628764335,0.04371412150156998,32
primary,Crime,Resolution,Full dialogue,0.07430301604176409,-0.06615921157188184,0.21229856916718753,36
primary,Crime,Opening,TF-IDF filtered,0.24020971524366497,0.12761935957080375,0.3512926608085624,32
primary,Crime,Inciting conflict,TF-IDF filtered,0.18849499667112968,0.09891857862378464,0.2772102188283406,31
primary,Crime,Escalation,TF-IDF filtered,0.1384765739825351,0.04080333691455704,0.24033318691347608,32
primary,Crime,Climax zone,TF-IDF filtered,0.03284340807154575,-0.045110423469574036,0.10616205039601681,32
primary,Crime,Resolution,TF-IDF filtered,0.11317806741598378,-0.028163260834339413,0.25614685091282946,36
primary,Drama,Opening,Frequency baseline,0.3028551308837266,0.2593465986217689,0.347215878932544,104
primary,Drama,Inciting conflict,Frequency baseline,0.2715718444274865,0.21754518481968693,0.32473544283040895,109
primary,Drama,Escalation,Frequency baseline,0.2804932419003073,0.2300687609296298,0.32696834352396736,109
primary,Drama,Climax zone,Frequency baseline,0.2480830512696278,0.19750389022757475,0.2993596633359977,109
primary,Drama,Resolution,Frequency baseline,0.3020303012227424,0.23045336941387862,0.37475326758955224,120
primary,Drama,Opening,Full dialogue,0.24704590278544783,0.1905975748186659,0.30112271679129077,104
primary,Drama,Inciting conflict,Full dialogue,0.18513560192729248,0.12118130068443196,0.24233823531796642,109
primary,Drama,Escalation,Full dialogue,0.1767118944291298,0.12408653813934938,0.22779876209753938,109
primary,Drama,Climax zone,Full dialogue,0.14781644517488932,0.08905853762276032,0.20789833116757125,109
primary,Drama,Resolution,Full dialogue,0.2360471809335888,0.15698934329476727,0.32134976199613646,120
primary,Drama,Opening,TF-IDF filtered,0.30798107048064793,0.26098537252020754,0.35472096263070263,104
primary,Drama,Inciting conflict,TF-IDF filtered,0.26832948257541045,0.2102341473592778,0.3241408585720419,109
primary,Drama,Escalation,TF-IDF filtered,0.26752438244083176,0.21448831527596615,0.319744354772287,109
primary,Drama,Climax zone,TF-IDF filtered,0.20775510747485026,0.14863242212968336,0.26542220690574814,109
primary,Drama,Resolution,TF-IDF filtered,0.2966075825503473,0.22694379296155914,0.3694338114853981,120
primary,Family,Opening,Frequency baseline,0.356725,0.177875,0.535575,2
primary,Family,Inciting conflict,Frequency baseline,-0.03053557692307693,-0.126225,0.06515384615384615,2
primary,Family,Escalation,Frequency baseline,0.13216419836956522,-0.13384347826086956,0.398171875,2
primary,Family,Climax zone,Frequency baseline,-0.14397631578947367,-0.33125263157894735,0.043300000000000026,2
primary,Family,Resolution,Frequency baseline,0.14117222222222223,-0.11153333333333333,0.39387777777777777,2
primary,Family,Opening,Full dialogue,0.12541089743589745,-0.28731666666666666,0.5381384615384616,2
primary,Family,Inciting conflict,Full dialogue,-0.0855301282051282,-0.31348333333333334,0.14242307692307693,2
primary,Family,Escalation,Full dialogue,-0.020497350543478288,-0.29514782608695656,0.254153125,2
primary,Family,Climax zone,Full dialogue,-0.22853055555555554,-0.5122,0.05513888888888889,2
primary,Family,Resolution,Full dialogue,0.05331666666666671,-0.3626,0.4692333333333334,2
primary,Family,Opening,TF-IDF filtered,0.23969166666666664,-0.005449999999999992,0.4848333333333333,2
primary,Family,Inciting conflict,TF-IDF filtered,-0.04215288461538462,-0.195375,0.11106923076923075,2
primary,Family,Escalation,TF-IDF filtered,0.0853999320652174,-0.1516782608695652,0.322478125,2
primary,Family,Climax zone,TF-IDF filtered,-0.12727163742690056,-0.38272105263157896,0.1281777777777778,2
primary,Family,Resolution,TF-IDF filtered,0.07838333333333333,-0.2727888888888889,0.4295555555555556,2
primary,Fantasy,Opening,Frequency baseline,0.1349085941043084,-0.0760134819302721,0.35034660565476183,14
primary,Fantasy,Inciting conflict,Frequency baseline,0.10846025403494731,-0.04375181245748299,0.2654523128926569,14
primary,Fantasy,Escalation,Frequency baseline,0.1723765324227347,0.019415352930178414,0.3418607672869786,14
primary,Fantasy,Climax zone,Frequency baseline,0.05225262016056293,-0.09467377067526674,0.20830376020632743,14
primary,Fantasy,Resolution,Frequency baseline,0.17182622792138413,-0.08336866930465368,0.4194393752206993,16
primary,Fantasy,Opening,Full dialogue,0.07234419460864948,-0.15107464847847954,0.31006261338992563,14
primary,Fantasy,Inciting conflict,Full dialogue,-0.018175480959050302,-0.20727660552095836,0.16655624117980497,14
primary,Fantasy,Escalation,Full dialogue,0.06742944938146607,-0.10538517710242336,0.2457426441657562,14
primary,Fantasy,Climax zone,Full dialogue,-0.00794990196598991,-0.18182377870957822,0.18306794609494018,14
primary,Fantasy,Resolution,Full dialogue,0.09166349879287379,-0.1684098133116883,0.3514730909168956,16
primary,Fantasy,Opening,TF-IDF filtered,0.15459989330010007,-0.06333853579461474,0.38091638446620185,14
primary,Fantasy,Inciting conflict,TF-IDF filtered,0.075125839469121,-0.11000077929505135,0.25848068157763093,14
primary,Fantasy,Escalation,TF-IDF filtered,0.17123126946769449,0.00685289920910635,0.3446209578330292,14
primary,Fantasy,Climax zone,TF-IDF filtered,0.01922915963991702,-0.14613075369218068,0.19559661636636466,14
primary,Fantasy,Resolution,TF-IDF filtered,0.11806859999375624,-0.1291598308137175,0.3649256857790643,16
primary,History,Opening,Frequency baseline,0.17772427350427353,-0.10339999999999999,0.46054615384615377,3
primary,History,Inciting conflict,Frequency baseline,0.1951990764790765,-0.10266857142857143,0.41564761904761904,3
primary,History,Escalation,Frequency baseline,0.26160866385372716,-0.07358734177215191,0.647,3
primary,History,Climax zone,Frequency baseline,0.2946704495614035,0.15234999999999999,0.42068947368421056,3
primary,History,Resolution,Frequency baseline,0.27053777777777777,0.06738,0.4132,3
primary,History,Opening,Full dialogue,0.05338311965811964,-0.22105833333333333,0.3229076923076923,3
primary,History,Inciting conflict,Full dialogue,0.15075223665223664,-0.30432857142857145,0.6148761904761905,3
primary,History,Escalation,Full dialogue,0.14297645330221145,-0.10857333333333334,0.5697191489361703,3
primary,History,Climax zone,Full dialogue,0.2679369326849733,0.11779374999999999,0.5283105263157895,3
primary,History,Resolution,Full dialogue,0.23095619047619045,0.03674000000000001,0.5039333333333333,3
primary,History,Opening,TF-IDF filtered,0.1582371794871795,-0.10194999999999999,0.35106153846153837,3
primary,History,Inciting conflict,TF-IDF filtered,0.21793878787878787,-0.12536285714285714,0.5150428571428571,3
primary,History,Escalation,TF-IDF filtered,0.26272520699565827,-0.05252278481012659,0.6673717391304348,3
primary,History,Climax zone,TF-IDF filtered,0.3242668621281464,0.16129565217391303,0.5636736842105263,3
primary,History,Resolution,TF-IDF filtered,0.27863444444444446,0.2339,0.30137,3
primary,Horror,Opening,Frequency baseline,0.09190383696081625,-0.02786600009484488,0.21059434377256295,34
primary,Horror,Inciting conflict,Frequency baseline,0.04841471398952307,-0.06750086250956615,0.15939404801805188,36
primary,Horror,Escalation,Frequency baseline,0.029268051737711437,-0.05831630718767328,0.10199852344213864,37
primary,Horror,Climax zone,Frequency baseline,-0.07119767522983017,-0.16774134678007346,0.012484106579621021,35
primary,Horror,Resolution,Frequency baseline,-0.007177120802986199,-0.16914352445720232,0.1512762644286803,39
primary,Horror,Opening,Full dialogue,-0.0180118181536469,-0.1521887476234421,0.11861858607034867,34
primary,Horror,Inciting conflict,Full dialogue,-0.07820819453780276,-0.2124694175851048,0.0476882028111973,36
primary,Horror,Escalation,Full dialogue,-0.09847763081076176,-0.20071319756334577,0.0032592441393241877,37
primary,Horror,Climax zone,Full dialogue,-0.17108634179437598,-0.28208319484607863,-0.0679512807333696,35
primary,Horror,Resolution,Full dialogue,-0.2951163852742699,-0.43549181352426064,-0.1592874738913153,39
primary,Horror,Opening,TF-IDF filtered,0.05050899371346333,-0.07899298026861229,0.17510436553357844,34
primary,Horror,Inciting conflict,TF-IDF filtered,0.02207193661154898,-0.10346739250366808,0.14293687825514123,36
primary,Horror,Escalation,TF-IDF filtered,0.015229742811420503,-0.07378537048264185,0.1013119365872489,37
primary,Horror,Climax zone,TF-IDF filtered,-0.13888043113381138,-0.24716838083903542,-0.03077188726043263,35
primary,Horror,Resolution,TF-IDF filtered,-0.15220668957467035,-0.3032317142940748,-0.009359006064893276,39
primary,Music,Opening,Frequency baseline,0.23386666666666667,,,1
primary,Music,Inciting conflict,Frequency baseline,0.29946666666666666,,,1
primary,Music,Escalation,Frequency baseline,0.36437749999999997,,,1
primary,Music,Climax zone,Frequency baseline,0.08590714285714285,,,1
primary,Music,Resolution,Frequency baseline,0.38826363636363637,,,1
primary,Music,Opening,Full dialogue,0.233075,,,1
primary,Music,Inciting conflict,Full dialogue,0.51088,,,1
primary,Music,Escalation,Full dialogue,0.3955875,,,1
primary,Music,Climax zone,Full dialogue,0.2704892857142857,,,1
primary,Music,Resolution,Full dialogue,0.3180090909090909,,,1
primary,Music,Opening,TF-IDF filtered,0.225325,,,1
primary,Music,Inciting conflict,TF-IDF filtered,0.30676666666666663,,,1
primary,Music,Escalation,TF-IDF filtered,0.3649025,,,1
primary,Music,Climax zone,TF-IDF filtered,0.035021428571428564,,,1
primary,Music,Resolution,TF-IDF filtered,0.32225454545454546,,,1
primary,Mystery,Opening,Frequency baseline,0.3302240769230769,0.021371076923076916,0.5419405673076919,5
primary,Mystery,Inciting conflict,Frequency baseline,0.2596114010989011,-0.020196932234432252,0.5909135416666663,6
primary,Mystery,Escalation,Frequency baseline,0.16571463219937096,0.0227599721961153,0.3084776509902206,6
primary,Mystery,Climax zone,Frequency baseline,0.17334108563899867,-0.1481993283926219,0.5724167826086958,6
primary,Mystery,Resolution,Frequency baseline,0.36760238705738707,0.15527628205128205,0.6291819047619047,6
primary,Mystery,Opening,Full dialogue,0.23634629487179487,-0.07923297435897438,0.48184814102564105,5
primary,Mystery,Inciting conflict,Full dialogue,0.19606891025641024,-0.11380906593406594,0.5454221726190477,6
primary,Mystery,Escalation,Full dialogue,0.06802365708165244,-0.08536561802232855,0.20768929274165793,6
primary,Mystery,Climax zone,Full dialogue,0.12387391172595519,-0.2425814398550725,0.5351541912714095,6
primary,Mystery,Resolution,Full dialogue,0.3183932600732601,0.05306761904761905,0.5745776904761902,6
primary,Mystery,Opening,TF-IDF filtered,0.3099556666666667,0.004264051282051285,0.5198696057692297,5
primary,Mystery,Inciting conflict,TF-IDF filtered,0.20454262820512822,-0.07283809523809524,0.5461461996336997,6
primary,Mystery,Escalation,TF-IDF filtered,0.10063159620865891,-0.051301488095238094,0.2709105722639931,6
primary,Mystery,Climax zone,TF-IDF filtered,0.1339723992094862,-0.2507513539525692,0.5526258181818181,6
primary,Mystery,Resolution,TF-IDF filtered,0.15553454212454212,-0.039563076923076916,0.3805298452380949,6
primary,Romance,Opening,Frequency baseline,0.4875393058204423,0.3854112864219114,0.612356529614325,11
primary,Romance,Inciting conflict,Frequency baseline,0.44710364462139796,0.2731786267184125,0.60635068545711,11
primary,Romance,Escalation,Frequency baseline,0.3579099239772335,0.24042652956874064,0.44367840003142517,11
primary,Romance,Climax zone,Frequency baseline,0.31939045828309803,0.16208456429513612,0.4625489111538439,11
primary,Romance,Resolution,Frequency baseline,0.2655889354837082,0.08332245625901878,0.4419246826216712,11
primary,Romance,Opening,Full dialogue,0.4182283049299185,0.30865749100899104,0.5271722229043683,11
primary,Romance,Inciting conflict,Full dialogue,0.37016761984821483,0.22740675391520246,0.498234905926868,11
primary,Romance,Escalation,Full dialogue,0.31668870786876413,0.17399659166581008,0.4394141647013942,11
primary,Romance,Climax zone,Full dialogue,0.14857909677529466,-0.010640952972709302,0.30707298343995487,11
primary,Romance,Resolution,Full dialogue,0.2553160476392295,0.12137487780338349,0.3786749355398388,11
primary,Romance,Opening,TF-IDF filtered,0.47435467973945245,0.36078031163281166,0.5998178706791941,11
primary,Romance,Inciting conflict,TF-IDF filtered,0.40387171365762486,0.24154937661454315,0.5461239155538793,11
primary,Romance,Escalation,TF-IDF filtered,0.35227749548844717,0.2092665943324316,0.4712429008861304,11
primary,Romance,Climax zone,TF-IDF filtered,0.255670305294124,0.10141527382796305,0.39378363952787987,11
primary,Romance,Resolution,TF-IDF filtered,0.22282779499540864,0.0423048956898531,0.4009794741448576,11
primary,Science Fiction,Opening,Frequency baseline,0.24044824200030276,0.058497938210618175,0.3977661979748907,20
primary,Science Fiction,Inciting conflict,Frequency baseline,0.18921074991662964,0.03752611947289379,0.33563861375007426,20
primary,Science Fiction,Escalation,Frequency baseline,0.10126646502937516,0.025860071981171358,0.18001129828053578,20
primary,Science Fiction,Climax zone,Frequency baseline,0.018371088896820875,-0.10916727977655077,0.1525184039583522,20
primary,Science Fiction,Resolution,Frequency baseline,0.17290758415900795,-0.03297368403091265,0.3738663620260087,22
primary,Science Fiction,Opening,Full dialogue,0.2907942965157049,0.13042565163105138,0.44675720663674884,20
primary,Science Fiction,Inciting conflict,Full dialogue,-0.1060050853706493,-0.30290153152178834,0.0698609463584453,20
primary,Science Fiction,Escalation,Full dialogue,-0.0015413588683205518,-0.08271829963963727,0.07608586322160955,20
primary,Science Fiction,Climax zone,Full dialogue,-0.13387232245476044,-0.26505614155603013,0.0010932294983318775,20
primary,Science Fiction,Resolution,Full dialogue,-0.04839094172316097,-0.27131771781293573,0.1741266387280277,22
primary,Science Fiction,Opening,TF-IDF filtered,0.25380292697399776,0.069178130551109,0.41126522379224695,20
primary,Science Fiction,Inciting conflict,TF-IDF filtered,0.06435345917323132,-0.11100498515317372,0.23026074825800075,20
primary,Science Fiction,Escalation,TF-IDF filtered,0.08989481204550916,0.004660888318274794,0.17339537809380862,20
primary,Science Fiction,Climax zone,TF-IDF filtered,-0.04238277147174431,-0.16503516213344283,0.08118755472142314,20
primary,Science Fiction,Resolution,TF-IDF filtered,0.07396608243435117,-0.1307615308740576,0.28759548827199605,22
primary,Thriller,Opening,Frequency baseline,0.21902614617945726,0.1524292571671012,0.29376829967975804,31
primary,Thriller,Inciting conflict,Frequency baseline,0.19362133458157038,0.10900129216187854,0.2772059081806048,31
primary,Thriller,Escalation,Frequency baseline,0.16431733335678306,0.08977203848705968,0.24997474409002196,32
primary,Thriller,Climax zone,Frequency baseline,0.08416196960788257,-0.019013326528580086,0.1907103180804617,32
primary,Thriller,Resolution,Frequency baseline,0.10942767727027014,-0.03728024006484574,0.2469381054869513,34
primary,Thriller,Opening,Full dialogue,0.0941602010676099,0.011478241988588482,0.17845899859580158,31
primary,Thriller,Inciting conflict,Full dialogue,0.09212270063687943,0.005789677834026439,0.17316049666246738,31
primary,Thriller,Escalation,Full dialogue,0.05988792662385503,-0.030584068824708755,0.16449672014439465,32
primary,Thriller,Climax zone,Full dialogue,-0.013424068814218967,-0.12241987396966143,0.10369057840955379,32
primary,Thriller,Resolution,Full dialogue,0.013995420458454505,-0.1380539880701084,0.17740255693684956,34
primary,Thriller,Opening,TF-IDF filtered,0.16880791456928743,0.0864846611792879,0.2493659383263546,31
primary,Thriller,Inciting conflict,TF-IDF filtered,0.14722453646075678,0.07279488456176195,0.22410761233399093,31
primary,Thriller,Escalation,TF-IDF filtered,0.1355251358046829,0.0544693306219833,0.22829654009816214,32
primary,Thriller,Climax zone,TF-IDF filtered,0.051497659665507976,-0.05093337339108691,0.15320091492706983,32
primary,Thriller,Resolution,TF-IDF filtered,0.06152798697948079,-0.08583448460961339,0.20383122529585992,34
primary,War,Opening,Frequency baseline,0.0016150000000000053,-0.55792625,0.36261375000000007,4
primary,War,Inciting conflict,Frequency baseline,0.1950412326388889,0.03218402777777778,0.36215763888888886,4
primary,War,Escalation,Frequency baseline,0.053150992359042276,-0.154971783625731,0.32575216194968554,4
primary,War,Climax zone,Frequency baseline,0.00305599403038552,-0.11759387464387464,0.10935782623394186,4
primary,War,Resolution,Frequency baseline,-0.061513890977443614,-0.18383750000000001,0.03614003759398497,4
primary,War,Opening,Full dialogue,-0.05837333333333333,-0.60815,0.37159916666666665,4
primary,War,Inciting conflict,Full dialogue,0.07199384469696969,-0.19701458333333333,0.35152083333333334,4
primary,War,Escalation,Full dialogue,-0.0705270936775902,-0.3040236842105263,0.1629694968553459,4
primary,War,Climax zone,Full dialogue,-0.032100491207387755,-0.12199294871794872,0.05512110472541508,4
primary,War,Resolution,Full dialogue,-0.08234696428571428,-0.2919825,0.14337910714285715,4
primary,War,Opening,TF-IDF filtered,-0.028883750000000014,-0.56857625,0.33364000000000005,4
primary,War,Inciting conflict,TF-IDF filtered,0.24126024305555555,0.067409375,0.47163524305555554,4
primary,War,Escalation,TF-IDF filtered,0.05283929576299239,-0.16670829195630588,0.26992201257861637,4
primary,War,Climax zone,TF-IDF filtered,0.02194556555307062,-0.018064601139601136,0.05288125422582826,4
primary,War,Resolution,TF-IDF filtered,-0.11100268796992481,-0.25829197368421053,0.06068285714285714,4
primary,Western,Opening,Frequency baseline,0.061990789473684214,-0.11802499999999999,0.23654999999999995,3
primary,Western,Inciting conflict,Frequency baseline,0.2697954166666667,0.10333125000000003,0.53092,3
primary,Western,Escalation,Frequency baseline,0.25783174119241187,0.14652439024390243,0.3456333333333334,3
primary,Western,Climax zone,Frequency baseline,0.05339849206349206,-0.12685833333333332,0.27623,3
primary,Western,Resolution,Frequency baseline,0.2538330158730159,0.07161333333333332,0.5544,3
primary,Western,Opening,Full dialogue,0.036098464912280706,-0.255625,0.2925625,3
primary,Western,Inciting conflict,Full dialogue,0.26982319444444447,0.09083124999999999,0.5402133333333333,3
primary,Western,Escalation,Full dialogue,0.09673999548328815,-0.05844166666666667,0.29590555555555553,3
primary,Western,Climax zone,Full dialogue,-0.0688477380952381,-0.2010875,0.03063,3
primary,Western,Resolution,Full dialogue,0.2659952380952381,0.014466666666666657,0.6109333333333334,3
primary,Western,Opening,TF-IDF filtered,0.06128114035087719,-0.017000000000000008,0.117775,3
primary,Western,Inciting conflict,TF-IDF filtered,0.31048805555555553,0.08829000000000002,0.5869866666666667,3
primary,Western,Escalation,TF-IDF filtered,0.1854022244805781,0.03221249999999999,0.3426722222222222,3
primary,Western,Climax zone,TF-IDF filtered,0.01986773809523809,-0.1331625,0.23767999999999997,3
primary,Western,Resolution,TF-IDF filtered,0.1459625396825397,-0.04858571428571427,0.3945666666666667,3
