genre_mode_primary,genre,story_zone,method,mean_sentiment_primary,ci_low_primary,ci_high_primary,n_films_primary,genre_mode_multi,mean_sentiment_multi,ci_low_multi,ci_high_multi,n_films_multi,multi_minus_primary
primary,Action,Opening,Full dialogue,0.036116139551344066,-0.03926037089993476,0.11358040464005455,69,multi_label,0.023311244746650243,-0.03510165791628085,0.08217368210447168,121,-0.012804894804693823
primary,Action,Inciting conflict,Full dialogue,0.03590169513845881,-0.0454248329378688,0.11196691345559205,69,multi_label,0.004527099662083778,-0.05676583030539979,0.0660464736698807,121,-0.031374595476375035
primary,Action,Escalation,Full dialogue,-0.06127078917108167,-0.1393518111802968,0.010610656904822345,74,multi_label,-0.06726107928956952,-0.11718443408519527,-0.02001543232049205,126,-0.005990290118487854
primary,Action,Climax zone,Full dialogue,-0.0679633398690618,-0.1525253696694505,0.011120010304673729,72,multi_label,-0.11805024392921137,-0.1693696924065781,-0.06517046686872106,124,-0.05008690406014957
primary,Action,Resolution,Full dialogue,-0.06622408808511748,-0.17298733253702325,0.04338281704485735,79,multi_label,-0.07077957171420182,-0.14464152533599625,0.004187738365368207,133,-0.004555483629084339
primary,Adventure,Opening,Full dialogue,0.18604065679929074,0.06159948402092204,0.30973302113400597,26,multi_label,0.15117726480849236,0.06550600598491871,0.2344919243172333,71,-0.03486339199079838
primary,Adventure,Inciting conflict,Full dialogue,0.10567991619747491,-0.026854879252783962,0.24690751868903754,26,multi_label,0.06655874488882359,-0.016767032345590658,0.14808867711058157,71,-0.03912117130865132
primary,Adventure,Escalation,Full dialogue,0.04470171566788039,-0.05661143304657214,0.1518445742844051,26,multi_label,0.0648249104858209,0.011308328691735254,0.11834940310650517,71,0.020123194817940504
primary,Adventure,Climax zone,Full dialogue,-0.011553895852115735,-0.10417969999607261,0.08836840873946787,26,multi_label,-0.02754036527746487,-0.08956848736835336,0.03259304344100138,71,-0.015986469425349134
primary,Adventure,Resolution,Full dialogue,0.09019768422816501,-0.05767769436813188,0.22637663127844374,26,multi_label,0.0889642866398952,-0.004762181809646849,0.1797757449815809,76,-0.001233397588269819
primary,Animation,Opening,Full dialogue,0.023683017316017324,-0.2624165455357143,0.25130015665584415,10,multi_label,0.09217427611088602,-0.11562129828917213,0.29629662916849653,19,0.0684912587948687
primary,Animation,Inciting conflict,Full dialogue,0.023244284243534228,-0.2586342930555556,0.2413090764423075,10,multi_label,0.012695314555155872,-0.1645661439388355,0.1768367638293507,19,-0.010548969688378356
primary,Animation,Escalation,Full dialogue,0.2728606178883973,0.11780157050192054,0.42642612687367937,10,multi_label,0.14868082643179936,0.022158443440195474,0.27294927465475904,19,-0.12417979145659797
primary,Animation,Climax zone,Full dialogue,-0.06096414470440733,-0.2962352886438012,0.11417565323643161,10,multi_label,0.02097721980405527,-0.144621639142926,0.17141342441145424,19,0.0819413645084626
primary,Animation,Resolution,Full dialogue,0.10416768308080808,-0.09564807146464646,0.2636916291982322,10,multi_label,0.09945485826308195,-0.0570447540940419,0.22656546659736454,19,-0.004712824817726127
primary,Comedy,Opening,Full dialogue,0.2795165809874159,0.21823248897227382,0.33997222792752685,99,multi_label,0.2599999371030867,0.21211594221343955,0.3082814748440078,164,-0.019516643884329166
primary,Comedy,Inciting conflict,Full dialogue,0.31915033880111127,0.256014718605487,0.38275323818984003,100,multi_label,0.2644972602779938,0.21499101422362224,0.316019326039559,166,-0.05465307852311746
primary,Comedy,Escalation,Full dialogue,0.31375977964558743,0.25979409286699706,0.36772682218789143,102,multi_label,0.2509598421012014,0.205341712769866,0.29683554240769494,168,-0.06279993754438601
primary,Comedy,Climax zone,Full dialogue,0.22454034320159516,0.16191601397208166,0.2844974840903844,101,multi_label,0.1601944738325973,0.11029112656608665,0.20776501807945685,167,-0.06434586936899786
primary,Comedy,Resolution,Full dialogue,0.28397805657245856,0.20959713140392766,0.35429504112814025,102,multi_label,0.2042844906272443,0.1408116166711801,0.2666455340197466,172,-0.07969356594521426
primary,Crime,Opening,Full dialogue,0.17701821547365146,0.06582496755031346,0.2877564475963082,32,multi_label,0.13225812257409694,0.06923557820249543,0.1935679766948415,112,-0.044760092899554516
primary,Crime,Inciting conflict,Full dialogue,0.08148899596394168,-0.013784970151473862,0.17770492510514094,31,multi_label,0.06287407521866561,0.003993805153053126,0.11905284071722952,112,-0.01861492074527607
primary,Crime,Escalation,Full dialogue,0.08495642572740716,-0.01297236860365393,0.18501824143846143,32,multi_label,0.07558652316021951,0.021072223250720862,0.13351050099392361,116,-0.009369902567187657
primary,Crime,Climax zone,Full dialogue,-0.031225216895230407,-0.10417443628764335,0.04371412150156998,32,multi_label,-0.022272220772198082,-0.0832900066804857,0.039168535609877764,116,0.008952996123032325
primary,Crime,Resolution,Full dialogue,0.07430301604176409,-0.06615921157188184,0.21229856916718753,36,multi_label,-0.013901191233370403,-0.09914766250992481,0.0663240999195349,123,-0.08820420727513449
primary,Drama,Opening,Full dialogue,0.24704590278544783,0.1905975748186659,0.30112271679129077,104,multi_label,0.22387183838120467,0.18209149063132307,0.2640047690290503,233,-0.02317406440424316
primary,Drama,Inciting conflict,Full dialogue,0.18513560192729248,0.12118130068443196,0.24233823531796642,109,multi_label,0.19138683132274062,0.1513708244809267,0.23235730379250003,237,0.0062512293954481435
primary,Drama,Escalation,Full dialogue,0.1767118944291298,0.12408653813934938,0.22779876209753938,109,multi_label,0.1595705774691251,0.11730528015419132,0.1971134461935387,242,-0.017141316960004704
primary,Drama,Climax zone,Full dialogue,0.14781644517488932,0.08905853762276032,0.20789833116757125,109,multi_label,0.1365387815407076,0.09316449002645637,0.17807765071120105,241,-0.011277663634181728
primary,Drama,Resolution,Full dialogue,0.2360471809335888,0.15698934329476727,0.32134976199613646,120,multi_label,0.20905082821305251,0.15518231941227012,0.26616113343865644,256,-0.0269963527205363
primary,Family,Opening,Full dialogue,0.12541089743589745,-0.28731666666666666,0.5381384615384616,2,multi_label,0.1468066160691161,-0.04073496882515632,0.32099615392593517,18,0.021395718633218652
primary,Family,Inciting conflict,Full dialogue,-0.0855301282051282,-0.31348333333333334,0.14242307692307693,2,multi_label,0.05273029463727992,-0.11698621762322194,0.2137687268462745,18,0.13826042284240814
primary,Family,Escalation,Full dialogue,-0.020497350543478288,-0.29514782608695656,0.254153125,2,multi_label,0.12720584452024253,0.008399814524266542,0.24524810251214002,18,0.14770319506372082
primary,Family,Climax zone,Full dialogue,-0.22853055555555554,-0.5122,0.05513888888888889,2,multi_label,0.07584428757094722,-0.0461601393264967,0.20461017214913718,18,0.30437484312650276
primary,Family,Resolution,Full dialogue,0.05331666666666671,-0.3626,0.4692333333333334,2,multi_label,0.22462014961646543,0.0820624071352624,0.3662694382547276,19,0.17130348294979872
primary,Fantasy,Opening,Full dialogue,0.07234419460864948,-0.15107464847847954,0.31006261338992563,14,multi_label,0.07673858199300242,-0.0398337326336664,0.191413457905564,43,0.004394387384352938
primary,Fantasy,Inciting conflict,Full dialogue,-0.018175480959050302,-0.20727660552095836,0.16655624117980497,14,multi_label,0.016019604057429276,-0.10772677481328487,0.1308130460964501,43,0.03419508501647958
primary,Fantasy,Escalation,Full dialogue,0.06742944938146607,-0.10538517710242336,0.2457426441657562,14,multi_label,0.062064356685320496,-0.03202616465867369,0.1574020195088942,43,-0.005365092696145574
primary,Fantasy,Climax zone,Full dialogue,-0.00794990196598991,-0.18182377870957822,0.18306794609494018,14,multi_label,-0.001199004553060332,-0.10091878633018701,0.09447108195320225,43,0.006750897412929578
primary,Fantasy,Resolution,Full dialogue,0.09166349879287379,-0.1684098133116883,0.3514730909168956,16,multi_label,0.09432381440165477,-0.04091287208471511,0.2232580808955537,46,0.0026603156087809804
primary,History,Opening,Full dialogue,0.05338311965811964,-0.22105833333333333,0.3229076923076923,3,multi_label,0.16593299676580156,0.011193443817939195,0.30574875422214914,21,0.11254987710768191
primary,History,Inciting conflict,Full dialogue,0.15075223665223664,-0.30432857142857145,0.6148761904761905,3,multi_label,0.17142036930770435,0.012169471190852958,0.30495503776992383,22,0.020668132655467714
primary,History,Escalation,Full dialogue,0.14297645330221145,-0.10857333333333334,0.5697191489361703,3,multi_label,0.17096155403103389,0.053858459818577724,0.2889008300517654,22,0.027985100728822432
primary,History,Climax zone,Full dialogue,0.2679369326849733,0.11779374999999999,0.5283105263157895,3,multi_label,0.19212970306232766,0.09874775833035479,0.30645040232409093,22,-0.07580722962264566
primary,History,Resolution,Full dialogue,0.23095619047619045,0.03674000000000001,0.5039333333333333,3,multi_label,0.21901520037084377,0.08722135438902397,0.3585971998558019,24,-0.011940990105346688
primary,Horror,Opening,Full dialogue,-0.0180118181536469,-0.1521887476234421,0.11861858607034867,34,multi_label,0.001836987560848647,-0.09550808185065393,0.10207603567142907,56,0.019848805714495547
primary,Horror,Inciting conflict,Full dialogue,-0.07820819453780276,-0.2124694175851048,0.0476882028111973,36,multi_label,-0.05812991568537481,-0.15912347203606264,0.04417685663900835,58,0.020078278852427946
primary,Horror,Escalation,Full dialogue,-0.09847763081076176,-0.20071319756334577,0.0032592441393241877,37,multi_label,-0.11655152707460602,-0.19101783005978612,-0.041329634167087584,59,-0.018073896263844258
primary,Horror,Climax zone,Full dialogue,-0.17108634179437598,-0.28208319484607863,-0.0679512807333696,35,multi_label,-0.1713019560491932,-0.24975920866679852,-0.09479234504366288,57,-0.00021561425481722574
primary,Horror,Resolution,Full dialogue,-0.2951163852742699,-0.43549181352426064,-0.1592874738913153,39,multi_label,-0.21892537263999912,-0.3204829649586348,-0.10534868104741184,62,0.0761910126342708
primary,Music,Opening,Full dialogue,0.233075,,,1,multi_label,0.0028738827838827806,-0.24065220398351647,0.17406953273809495,10,-0.23020111721611722
primary,Music,Inciting conflict,Full dialogue,0.51088,,,1,multi_label,0.1648660238095238,-0.15291366071428572,0.4258298934523807,10,-0.3460139761904762
primary,Music,Escalation,Full dialogue,0.3955875,,,1,multi_label,0.36411485925893616,0.183024606979936,0.5210172566267729,10,-0.03147264074106382
primary,Music,Climax zone,Full dialogue,0.2704892857142857,,,1,multi_label,0.1365815878962991,-0.16597277293513954,0.42780849311900027,10,-0.13390769781798662
primary,Music,Resolution,Full dialogue,0.3180090909090909,,,1,multi_label,0.34689156221303946,0.05381871926652893,0.5990736099919651,11,0.028882471303948554
primary,Mystery,Opening,Full dialogue,0.23634629487179487,-0.07923297435897438,0.48184814102564105,5,multi_label,0.10067898106308214,0.0003925115041413431,0.19888921519557137,53,-0.13566731380871272
primary,Mystery,Inciting conflict,Full dialogue,0.19606891025641024,-0.11380906593406594,0.5454221726190477,6,multi_label,0.030866386496822613,-0.060656408444980985,0.11471470739833639,54,-0.16520252375958763
primary,Mystery,Escalation,Full dialogue,0.06802365708165244,-0.08536561802232855,0.20768929274165793,6,multi_label,-0.062130735405902734,-0.14068711610886594,0.007645346221208439,55,-0.13015439248755517
primary,Mystery,Climax zone,Full dialogue,0.12387391172595519,-0.2425814398550725,0.5351541912714095,6,multi_label,-0.07942358027873411,-0.16741063634555348,0.015336653200618226,54,-0.2032974920046893
primary,Mystery,Resolution,Full dialogue,0.3183932600732601,0.05306761904761905,0.5745776904761902,6,multi_label,-0.03442364286761223,-0.14309897373445177,0.0725620857058449,57,-0.3528169029408723
primary,Romance,Opening,Full dialogue,0.4182283049299185,0.30865749100899104,0.5271722229043683,11,multi_label,0.3084964510884463,0.2478053134883656,0.3677814950746596,89,-0.10973185384147222
primary,Romance,Inciting conflict,Full dialogue,0.37016761984821483,0.22740675391520246,0.498234905926868,11,multi_label,0.32623124259037395,0.26637530882363974,0.3846934957726968,90,-0.043936377257840886
primary,Romance,Escalation,Full dialogue,0.31668870786876413,0.17399659166581008,0.4394141647013942,11,multi_label,0.29187767222064925,0.23352798236794187,0.3490156033011186,91,-0.024811035648114876
primary,Romance,Climax zone,Full dialogue,0.14857909677529466,-0.010640952972709302,0.30707298343995487,11,multi_label,0.254261433785497,0.19769119836389348,0.31173954718390234,90,0.10568233701020233
primary,Romance,Resolution,Full dialogue,0.2553160476392295,0.12137487780338349,0.3786749355398388,11,multi_label,0.3310306783147131,0.25751328808803287,0.40742360208105627,97,0.07571463067548362
primary,Science Fiction,Opening,Full dialogue,0.2907942965157049,0.13042565163105138,0.44675720663674884,20,multi_label,0.1011422816304125,0.01756812612277766,0.18496445076553572,66,-0.18965201488529237
primary,Science Fiction,Inciting conflict,Full dialogue,-0.1060050853706493,-0.30290153152178834,0.0698609463584453,20,multi_label,0.005480968106319417,-0.08624683832012016,0.09378787118329357,66,0.11148605347696872
primary,Science Fiction,Escalation,Full dialogue,-0.0015413588683205518,-0.08271829963963727,0.07608586322160955,20,multi_label,0.004785800355990659,-0.05046334204594742,0.061758930167753,67,0.006327159224311211
primary,Science Fiction,Climax zone,Full dialogue,-0.13387232245476044,-0.26505614155603013,0.0010932294983318775,20,multi_label,-0.10514055811587082,-0.17133870167973617,-0.04499339085909754,66,0.028731764338889618
primary,Science Fiction,Resolution,Full dialogue,-0.04839094172316097,-0.27131771781293573,0.1741266387280277,22,multi_label,-0.04392947057911199,-0.14906390115313217,0.059018136588526636,73,0.004461471144048976
primary,Thriller,Opening,Full dialogue,0.0941602010676099,0.011478241988588482,0.17845899859580158,31,multi_label,0.12551520142210168,0.07606748091427662,0.1781548552692803,149,0.03135500035449178
primary,Thriller,Inciting conflict,Full dialogue,0.09212270063687943,0.005789677834026439,0.17316049666246738,31,multi_label,0.053678746694445285,0.005056083461409606,0.1036274870901526,153,-0.03844395394243414
primary,Thriller,Escalation,Full dialogue,0.05988792662385503,-0.030584068824708755,0.16449672014439465,32,multi_label,0.022110035689396155,-0.026429669847387188,0.06715210322872629,159,-0.03777789093445888
primary,Thriller,Climax zone,Full dialogue,-0.013424068814218967,-0.12241987396966143,0.10369057840955379,32,multi_label,-0.060432680584165496,-0.11153896436492841,-0.004023234000156165,157,-0.04700861176994653
primary,Thriller,Resolution,Full dialogue,0.013995420458454505,-0.1380539880701084,0.17740255693684956,34,multi_label,-0.045972093611421065,-0.11783043557370991,0.026479160901123053,170,-0.05996751406987557
primary,War,Opening,Full dialogue,-0.05837333333333333,-0.60815,0.37159916666666665,4,multi_label,0.05623004802889416,-0.1574442348132637,0.25179296399433887,13,0.1146033813622275
primary,War,Inciting conflict,Full dialogue,0.07199384469696969,-0.19701458333333333,0.35152083333333334,4,multi_label,0.1820061647166198,0.032354945058301915,0.32973891271171224,14,0.1100123200196501
primary,War,Escalation,Full dialogue,-0.0705270936775902,-0.3040236842105263,0.1629694968553459,4,multi_label,-0.0011949212858930866,-0.17780640181897078,0.19487638553337908,14,0.06933217239169712
primary,War,Climax zone,Full dialogue,-0.032100491207387755,-0.12199294871794872,0.05512110472541508,4,multi_label,-0.04667553061283125,-0.26652056013514236,0.1633148176192434,14,-0.014575039405443496
primary,War,Resolution,Full dialogue,-0.08234696428571428,-0.2919825,0.14337910714285715,4,multi_label,-0.21614777455224513,-0.4022162959871827,-0.05741107121848742,15,-0.13380081026653085
primary,Western,Opening,Full dialogue,0.036098464912280706,-0.255625,0.2925625,3,multi_label,0.10111707894736843,-0.09938949999999999,0.3059405,5,0.06501861403508773
primary,Western,Inciting conflict,Full dialogue,0.26982319444444447,0.09083124999999999,0.5402133333333333,3,multi_label,0.2430297009803922,0.059205735294117656,0.42983591666666665,5,-0.02679349346405227
primary,Western,Escalation,Full dialogue,0.09673999548328815,-0.05844166666666667,0.29590555555555553,3,multi_label,0.07472157360819676,-0.06820414943442914,0.2217364204578216,5,-0.0220184218750914
primary,Western,Climax zone,Full dialogue,-0.0688477380952381,-0.2010875,0.03063,3,multi_label,0.029745268949400532,-0.10509785135135134,0.18708729526519002,5,0.09859300704463864
primary,Western,Resolution,Full dialogue,0.2659952380952381,0.014466666666666657,0.6109333333333334,3,multi_label,0.14217105751391468,-0.27195681354359924,0.5378441558441558,7,-0.12382418058132344
